"","id","Trial.Number","session_number","score"
"1","3",1,"1",1
"2","3",2,"1",0
"3","3",3,"1",1
"4","3",4,"1",1
"5","3",5,"1",0
"6","3",6,"1",1
"7","3",8,"1",1
"8","3",9,"1",1
"9","3",10,"1",0
"10","3",11,"1",1
"11","3",12,"1",0
"12","3",13,"1",1
"13","3",14,"1",0
"14","3",15,"1",1
"15","3",16,"1",1
"16","3",1,"2",1
"17","3",2,"2",1
"18","3",3,"2",1
"19","3",4,"2",1
"20","3",5,"2",1
"21","3",6,"2",1
"22","3",8,"2",1
"23","3",9,"2",0
"24","3",10,"2",1
"25","3",11,"2",0
"26","3",12,"2",1
"27","3",13,"2",1
"28","3",14,"2",0
"29","3",15,"2",0
"30","3",16,"2",1
"31","4",1,"1",1
"32","4",2,"1",1
"33","4",3,"1",1
"34","4",4,"1",1
"35","4",5,"1",0
"36","4",6,"1",0
"37","4",8,"1",1
"38","4",9,"1",1
"39","4",10,"1",1
"40","4",11,"1",0
"41","4",12,"1",1
"42","4",13,"1",0
"43","4",14,"1",0
"44","4",15,"1",1
"45","4",16,"1",0
"46","4",1,"2",1
"47","4",2,"2",1
"48","4",3,"2",1
"49","4",4,"2",1
"50","4",5,"2",1
"51","4",6,"2",1
"52","4",8,"2",1
"53","4",9,"2",1
"54","4",10,"2",1
"55","4",11,"2",0
"56","4",12,"2",1
"57","4",13,"2",1
"58","4",14,"2",1
"59","4",15,"2",1
"60","4",16,"2",0
"61","5",1,"1",0
"62","5",2,"1",0
"63","5",3,"1",0
"64","5",4,"1",1
"65","5",5,"1",1
"66","5",6,"1",0
"67","5",8,"1",1
"68","5",9,"1",1
"69","5",10,"1",1
"70","5",11,"1",1
"71","5",12,"1",0
"72","5",13,"1",1
"73","5",14,"1",1
"74","5",15,"1",1
"75","5",16,"1",1
"76","5",1,"2",0
"77","5",2,"2",0
"78","5",3,"2",1
"79","5",4,"2",1
"80","5",5,"2",1
"81","5",6,"2",1
"82","5",8,"2",1
"83","5",9,"2",0
"84","5",10,"2",1
"85","5",11,"2",1
"86","5",12,"2",1
"87","5",13,"2",1
"88","5",14,"2",0
"89","5",15,"2",0
"90","5",16,"2",1
"91","6",1,"1",0
"92","6",2,"1",1
"93","6",3,"1",1
"94","6",4,"1",1
"95","6",5,"1",0
"96","6",6,"1",1
"97","6",8,"1",0
"98","6",9,"1",1
"99","6",10,"1",0
"100","6",11,"1",1
"101","6",12,"1",0
"102","6",13,"1",1
"103","6",14,"1",0
"104","6",15,"1",1
"105","6",16,"1",1
"106","6",1,"2",1
"107","6",2,"2",1
"108","6",3,"2",1
"109","6",4,"2",1
"110","6",5,"2",0
"111","6",6,"2",0
"112","6",8,"2",1
"113","6",9,"2",0
"114","6",10,"2",1
"115","6",11,"2",0
"116","6",12,"2",0
"117","6",13,"2",0
"118","6",14,"2",1
"119","6",15,"2",0
"120","6",16,"2",1
"121","7",1,"1",1
"122","7",2,"1",0
"123","7",3,"1",1
"124","7",4,"1",1
"125","7",5,"1",0
"126","7",6,"1",0
"127","7",8,"1",0
"128","7",9,"1",0
"129","7",10,"1",0
"130","7",11,"1",1
"131","7",12,"1",1
"132","7",13,"1",0
"133","7",14,"1",0
"134","7",15,"1",0
"135","7",16,"1",0
"136","9",1,"1",1
"137","9",2,"1",1
"138","9",3,"1",1
"139","9",4,"1",0
"140","9",5,"1",1
"141","9",6,"1",0
"142","9",8,"1",0
"143","9",9,"1",1
"144","9",10,"1",0
"145","9",11,"1",1
"146","9",12,"1",0
"147","9",13,"1",1
"148","9",14,"1",1
"149","9",15,"1",1
"150","9",16,"1",0
"151","9",1,"2",1
"152","9",2,"2",1
"153","9",3,"2",0
"154","9",4,"2",0
"155","9",5,"2",1
"156","9",6,"2",1
"157","9",8,"2",1
"158","9",9,"2",1
"159","9",10,"2",1
"160","9",11,"2",0
"161","9",12,"2",1
"162","9",13,"2",0
"163","9",14,"2",1
"164","9",15,"2",1
"165","9",16,"2",1
"166","10",1,"1",1
"167","10",2,"1",1
"168","10",3,"1",1
"169","10",4,"1",1
"170","10",5,"1",0
"171","10",6,"1",0
"172","10",8,"1",1
"173","10",9,"1",1
"174","10",10,"1",0
"175","10",11,"1",1
"176","10",12,"1",1
"177","10",13,"1",0
"178","10",14,"1",0
"179","10",15,"1",1
"180","10",16,"1",1
"181","10",1,"2",1
"182","10",2,"2",1
"183","10",3,"2",1
"184","10",4,"2",1
"185","10",5,"2",1
"186","10",6,"2",0
"187","10",8,"2",1
"188","10",9,"2",1
"189","10",10,"2",0
"190","10",11,"2",1
"191","10",12,"2",1
"192","10",13,"2",1
"193","10",14,"2",0
"194","10",15,"2",1
"195","10",16,"2",1
"196","11",1,"1",1
"197","11",2,"1",1
"198","11",3,"1",1
"199","11",4,"1",1
"200","11",5,"1",0
"201","11",6,"1",1
"202","11",8,"1",1
"203","11",9,"1",0
"204","11",10,"1",1
"205","11",11,"1",1
"206","11",12,"1",1
"207","11",13,"1",1
"208","11",14,"1",0
"209","11",15,"1",1
"210","11",16,"1",1
"211","11",1,"2",1
"212","11",2,"2",1
"213","11",3,"2",1
"214","11",4,"2",1
"215","11",5,"2",1
"216","11",6,"2",1
"217","11",8,"2",1
"218","11",9,"2",0
"219","11",10,"2",1
"220","11",11,"2",0
"221","11",12,"2",1
"222","11",13,"2",1
"223","11",14,"2",1
"224","11",15,"2",1
"225","11",16,"2",1
"226","12",1,"2",0
"227","12",2,"2",0
"228","12",3,"2",0
"229","12",4,"2",0
"230","12",5,"2",1
"231","12",6,"2",0
"232","12",8,"2",0
"233","12",9,"2",0
"234","12",10,"2",0
"235","12",11,"2",0
"236","12",12,"2",0
"237","12",13,"2",0
"238","12",14,"2",0
"239","12",15,"2",0
"240","12",16,"2",0
"241","13",1,"2",1
"242","13",2,"2",0
"243","13",3,"2",0
"244","13",4,"2",1
"245","13",5,"2",1
"246","13",6,"2",1
"247","13",8,"2",1
"248","13",9,"2",1
"249","13",10,"2",1
"250","13",11,"2",0
"251","13",12,"2",1
"252","13",13,"2",0
"253","13",14,"2",0
"254","13",15,"2",0
"255","13",16,"2",1
"256","15",1,"1",1
"257","15",2,"1",1
"258","15",3,"1",1
"259","15",4,"1",1
"260","15",5,"1",1
"261","15",6,"1",1
"262","15",8,"1",1
"263","15",9,"1",1
"264","15",10,"1",1
"265","15",11,"1",1
"266","15",12,"1",1
"267","15",13,"1",0
"268","15",14,"1",0
"269","15",15,"1",1
"270","15",16,"1",1
"271","15",1,"2",1
"272","15",2,"2",1
"273","15",3,"2",1
"274","15",4,"2",1
"275","15",5,"2",1
"276","15",6,"2",1
"277","15",8,"2",1
"278","15",9,"2",1
"279","15",10,"2",1
"280","15",11,"2",1
"281","15",12,"2",1
"282","15",13,"2",1
"283","15",14,"2",1
"284","15",15,"2",1
"285","15",16,"2",1
"286","17",1,"1",1
"287","17",2,"1",0
"288","17",3,"1",0
"289","17",4,"1",0
"290","17",5,"1",1
"291","17",6,"1",1
"292","17",8,"1",0
"293","17",9,"1",1
"294","17",10,"1",1
"295","17",11,"1",1
"296","17",12,"1",1
"297","17",13,"1",0
"298","17",14,"1",0
"299","17",15,"1",1
"300","17",16,"1",0
"301","17",1,"2",0
"302","17",2,"2",1
"303","17",3,"2",1
"304","17",4,"2",1
"305","17",5,"2",1
"306","17",6,"2",0
"307","17",8,"2",0
"308","17",9,"2",1
"309","17",10,"2",1
"310","17",11,"2",0
"311","17",12,"2",0
"312","17",13,"2",0
"313","17",14,"2",0
"314","17",15,"2",0
"315","17",16,"2",0
"316","19",1,"1",1
"317","19",2,"1",0
"318","19",3,"1",1
"319","19",4,"1",1
"320","19",5,"1",0
"321","19",6,"1",1
"322","19",8,"1",0
"323","19",9,"1",1
"324","19",10,"1",1
"325","19",11,"1",0
"326","19",12,"1",0
"327","19",13,"1",1
"328","19",14,"1",1
"329","19",15,"1",1
"330","19",16,"1",0
"331","19",1,"2",1
"332","19",2,"2",1
"333","19",3,"2",1
"334","19",4,"2",0
"335","19",5,"2",1
"336","19",6,"2",1
"337","19",8,"2",1
"338","19",9,"2",0
"339","19",10,"2",1
"340","19",11,"2",1
"341","19",12,"2",0
"342","19",13,"2",0
"343","19",14,"2",0
"344","19",15,"2",1
"345","19",16,"2",0
"346","22",1,"1",0
"347","22",2,"1",1
"348","22",3,"1",0
"349","22",4,"1",1
"350","22",5,"1",1
"351","22",6,"1",0
"352","22",8,"1",0
"353","22",9,"1",0
"354","22",10,"1",1
"355","22",11,"1",1
"356","22",12,"1",0
"357","22",13,"1",0
"358","22",14,"1",1
"359","22",15,"1",0
"360","22",16,"1",1
"361","22",1,"2",0
"362","22",2,"2",1
"363","22",3,"2",1
"364","22",4,"2",1
"365","22",5,"2",0
"366","22",6,"2",0
"367","22",8,"2",1
"368","22",9,"2",1
"369","22",10,"2",1
"370","22",11,"2",1
"371","22",12,"2",1
"372","22",13,"2",1
"373","22",14,"2",1
"374","22",15,"2",1
"375","22",16,"2",1
"376","23",1,"1",0
"377","23",2,"1",0
"378","23",3,"1",1
"379","23",4,"1",0
"380","23",5,"1",0
"381","23",6,"1",0
"382","23",8,"1",0
"383","23",9,"1",0
"384","23",10,"1",0
"385","23",11,"1",0
"386","23",12,"1",1
"387","23",13,"1",1
"388","23",14,"1",0
"389","23",15,"1",1
"390","23",16,"1",1
"391","23",1,"2",0
"392","23",2,"2",0
"393","23",3,"2",1
"394","23",4,"2",0
"395","23",5,"2",0
"396","23",6,"2",1
"397","23",8,"2",1
"398","23",9,"2",1
"399","23",10,"2",0
"400","23",11,"2",0
"401","23",12,"2",0
"402","23",13,"2",0
"403","23",14,"2",1
"404","23",15,"2",0
"405","23",16,"2",1
"406","24",1,"1",1
"407","24",2,"1",0
"408","24",3,"1",1
"409","24",4,"1",1
"410","24",5,"1",0
"411","24",6,"1",1
"412","24",8,"1",1
"413","24",9,"1",1
"414","24",10,"1",0
"415","24",11,"1",1
"416","24",12,"1",1
"417","24",13,"1",1
"418","24",14,"1",0
"419","24",15,"1",1
"420","24",16,"1",0
"421","24",1,"2",1
"422","24",2,"2",1
"423","24",3,"2",1
"424","24",4,"2",1
"425","24",5,"2",1
"426","24",6,"2",1
"427","24",8,"2",1
"428","24",9,"2",1
"429","24",10,"2",1
"430","24",11,"2",1
"431","24",12,"2",1
"432","24",13,"2",1
"433","24",14,"2",0
"434","24",15,"2",1
"435","24",16,"2",0
"436","25",1,"1",1
"437","25",2,"1",0
"438","25",3,"1",0
"439","25",4,"1",1
"440","25",5,"1",1
"441","25",6,"1",1
"442","25",8,"1",1
"443","25",9,"1",1
"444","25",10,"1",0
"445","25",11,"1",1
"446","25",12,"1",1
"447","25",13,"1",1
"448","25",14,"1",0
"449","25",15,"1",1
"450","25",16,"1",0
"451","25",1,"2",1
"452","25",2,"2",1
"453","25",2,"2",0
"454","25",3,"2",1
"455","25",3,"2",0
"456","25",4,"2",0
"457","25",5,"2",1
"458","25",6,"2",1
"459","25",8,"2",0
"460","25",9,"2",1
"461","25",10,"2",1
"462","25",11,"2",0
"463","25",12,"2",1
"464","25",13,"2",0
"465","25",14,"2",0
"466","25",15,"2",0
"467","25",16,"2",0
"468","27",1,"1",1
"469","27",2,"1",0
"470","27",3,"1",0
"471","27",4,"1",0
"472","27",5,"1",1
"473","27",6,"1",1
"474","27",8,"1",0
"475","27",9,"1",1
"476","27",10,"1",0
"477","27",11,"1",0
"478","27",12,"1",1
"479","27",13,"1",0
"480","27",14,"1",0
"481","27",15,"1",1
"482","27",16,"1",1
"483","27",1,"2",1
"484","27",2,"2",0
"485","27",3,"2",0
"486","27",4,"2",0
"487","27",5,"2",1
"488","27",6,"2",0
"489","27",8,"2",1
"490","27",9,"2",0
"491","27",10,"2",1
"492","27",11,"2",1
"493","27",12,"2",1
"494","27",13,"2",0
"495","27",14,"2",0
"496","27",15,"2",1
"497","27",16,"2",1
"498","28",1,"1",1
"499","28",2,"1",0
"500","28",3,"1",1
"501","28",4,"1",0
"502","28",5,"1",0
"503","28",6,"1",1
"504","28",8,"1",1
"505","28",9,"1",1
"506","28",10,"1",0
"507","28",11,"1",0
"508","28",12,"1",1
"509","28",13,"1",0
"510","28",14,"1",1
"511","28",15,"1",1
"512","28",16,"1",0
"513","30",1,"2",1
"514","30",2,"2",0
"515","30",3,"2",1
"516","30",4,"2",1
"517","30",5,"2",0
"518","30",6,"2",0
"519","30",8,"2",1
"520","30",9,"2",1
"521","30",10,"2",0
"522","30",11,"2",0
"523","30",12,"2",0
"524","30",13,"2",1
"525","30",14,"2",0
"526","30",15,"2",1
"527","30",16,"2",0
"528","32",1,"1",1
"529","32",2,"1",1
"530","32",3,"1",1
"531","32",4,"1",1
"532","32",5,"1",1
"533","32",6,"1",0
"534","32",8,"1",1
"535","32",9,"1",0
"536","32",10,"1",1
"537","32",11,"1",0
"538","32",12,"1",0
"539","32",13,"1",1
"540","32",14,"1",0
"541","32",15,"1",0
"542","32",16,"1",0
"543","32",1,"2",1
"544","32",2,"2",1
"545","32",3,"2",0
"546","32",4,"2",0
"547","32",5,"2",0
"548","32",6,"2",0
"549","32",8,"2",0
"550","32",9,"2",1
"551","32",10,"2",1
"552","32",11,"2",0
"553","32",12,"2",0
"554","32",13,"2",1
"555","32",14,"2",1
"556","32",15,"2",0
"557","32",16,"2",1
"558","12",1,"1",1
"559","12",2,"1",0
"560","12",3,"1",1
"561","12",4,"1",1
"562","12",5,"1",0
"563","12",6,"1",0
"564","12",8,"1",1
"565","12",9,"1",1
"566","12",9,"1",0
"567","12",10,"1",0
"568","12",11,"1",1
"569","12",12,"1",1
"570","12",13,"1",0
"571","12",14,"1",0
"572","12",15,"1",0
"573","12",16,"1",1
"574","13",1,"1",1
"575","13",2,"1",0
"576","13",3,"1",1
"577","13",4,"1",1
"578","13",5,"1",0
"579","13",6,"1",1
"580","13",8,"1",1
"581","13",9,"1",0
"582","13",10,"1",1
"583","13",11,"1",0
"584","13",12,"1",0
"585","13",13,"1",1
"586","13",14,"1",0
"587","13",15,"1",0
"588","13",16,"1",1
