,id,trial_number,target_tag,response,key,correct_serial_syllables,correct_bigrams,correct_trigrams,correct_total_syllables,permutation_used,session_number,,,
1,wd_03,1,1,da/ro/pi/ko/do/la/tu,da/ro/pi/go/la/tu,3,2,2,4,da/ro/pi/ko/do/la,1,,,
2,wd_03,2,1,pa/bi/hu/da/ra/ki,pa/bi/ku/da/ro/pi,3,1,1,3,pa/bi/hu/da/ra/ki,1,,,
3,wd_03,3,0,go/tu/pi/ra/ki/ku,go/tu/ro/pi/la/da,2,1,1,3,go/tu/pi/ra/ki/ku,1,,,
4,wd_03,4,0,tu/ra/pi/ko,tu/ro/la/da/pi/go,2,0,0,2,tu/xx/xx/ra/pi/ko,1,,,
5,wd_03,5,0,du/ra/pi/ko,bu/da/pi/ti/ro/do,1,0,0,1,du/ra/pi/xx/xx/ko,1,,,
6,wd_03,6,0,tu/ra/ki/ko/tu/pa,la/bi/go/ku/tu/pa,2,1,0,3,tu/ra/ki/ko/tu/pa,1,,,
7,wd_03,7,0,do/ra/pi/tu/do/ra/ki,do/pa/ti/bu/ku/bi,1,0,0,2,do/ra/pi/tu/do/ra,1,,,
8,wd_03,8,1,pa/bi/ri/ku/go/la/tu,pa/bi/ku/go/la/tu,2,2,2,5,pa/bi/ri/ku/go/la,1,,,
9,wd_03,9,1,du/ra/pa/bi/ku,tu/bu/do/pa/bi/ku,3,2,1,3,xx/du/ra/pa/bi/ku,1,,,
10,wd_03,10,0,bu/ra/ja/tu,bu/go/la/do/ti/tu,2,0,0,2,bu/xx/xx/ra/ja/tu,1,,,
11,wd_03,11,1,ba/ra/pi/tu/pu/ro,da/ro/pi/ti/bu/do,1,0,0,2,ba/ra/pi/tu/pu/ro,1,,,
12,wd_03,12,1,ba/ra/pi/ti/bu/tu,pa/bi/ku/ti/bu/do,2,1,1,2,ba/ra/pi/ti/bu/tu,1,,,
13,wd_03,13,1,go/la/tu/pi/ri/ku,go/la/tu/ti/bu/do,3,2,2,3,go/la/tu/pi/ri/ku,1,,,
14,wd_03,14,0,go/ra/go/tu/pa/ti,do/bu/ku/bi/pa/ti,2,1,0,2,go/ra/go/tu/pa/ti,1,,,
15,wd_03,15,1,go/la/tu/da/ra/pi,go/la/tu/da/ro/pi,5,2,4,5,go/la/tu/da/ra/pi,1,,,
16,wd_03,16,0,tu/ra/pi/tu/tu/go,da/bi/pa/ku/pi/ro,0,0,0,1,tu/ra/pi/tu/tu/go,1,,,
17,wd_04,1,1,da/ro/pi/go/la/tu,da/ro/pi/go/la/tu,6,4,5,6,da/ro/pi/go/la/tu,1,,,
18,wd_04,2,1,pa/pi/ku/da/ro/mi,pa/bi/ku/da/ro/pi,4,1,2,5,pa/pi/ku/da/ro/mi,1,,,
19,wd_04,3,0,go/tu/ro/pi/la/da,go/tu/ro/pi/la/da,6,4,5,6,go/tu/ro/pi/la/da,1,,,
20,wd_04,4,0,tu/ro/da/la/pi/ko,tu/ro/la/da/pi/go,3,1,1,5,tu/ro/da/la/pi/ko,1,,,
21,wd_04,5,0,bu/da/pi/ti/ro/do,bu/da/pi/ti/ro/do,6,4,5,6,bu/da/pi/ti/ro/do,1,,,
22,wd_04,6,0,la/bi/go/pa/tu/pa,la/bi/go/ku/tu/pa,5,3,3,6,la/bi/go/pa/tu/pa,1,,,
23,wd_04,7,0,da/pa/tu/pi/ko/du,do/pa/ti/bu/ku/bi,1,0,0,1,da/pa/tu/pi/ko/du,1,,,
24,wd_04,8,1,pa/pi/ku/go/la/tu,pa/bi/ku/go/la/tu,5,2,2,5,pa/pi/ku/go/la/tu,1,,,
25,wd_04,9,1,tu/pi/do/pa/pi/ku,tu/bu/do/pa/bi/ku,4,0,1,4,tu/pi/do/pa/pi/ku,1,,,
26,wd_04,10,0,bo/go/la/du/ti/tu,bu/go/la/do/ti/tu,4,2,1,4,bo/go/la/du/ti/tu,1,,,
27,wd_04,11,1,da/xx,da/ro/pi/ti/bu/do,1,0,0,1,da/xx/xx/xx/xx/xx,1,,,
28,wd_04,12,1,pa/ri/ku/shi/do/o,pa/bi/ku/ti/bu/do,2,0,0,3,pa/ri/ku/shi/do/o,1,,,
29,wd_04,13,1,go/la/tu/ti/tu/bo,go/la/tu/ti/bu/do,4,2,3,5,go/la/tu/ti/tu/bo,1,,,
30,wd_04,14,0,do/pi/ku/du/ba/bi,do/bu/ku/bi/pa/ti,2,0,0,3,do/pi/ku/du/ba/bi,1,,,
31,wd_04,15,1,go/la/tu/do/ro/pi,go/la/tu/da/ro/pi,5,3,3,5,go/la/tu/do/ro/pi,1,,,
32,wd_04,16,0,da/bi/ka/du/bi/do,da/bi/pa/ku/pi/ro,2,1,1,3,da/bi/ka/du/bi/do,1,,,
33,wd_05,1,1,do/ra/pi/po,da/ro/pi/go/la/tu,1,0,0,1,do/ra/pi/xx/xx/po,1,,,
34,wd_05,2,1,pa/ra/di,pa/bi/ku/da/ro/pi,1,0,0,1,pa/xx/xx/xx/ra/di,1,,,
35,wd_05,3,0,go/ra/pi/do,go/tu/ro/pi/la/da,2,0,0,2,go/xx/ra/pi/xx/do,1,,,
36,wd_05,4,0,ro/la/pi/go,tu/ro/la/da/pi/go,4,2,1,4,xx/ro/la/xx/pi/go,1,,,
37,wd_05,5,0,ro/pi/ti/go,bu/da/pi/ti/ro/do,2,0,1,3,xx/ro/pi/ti/xx/go,1,,,
38,wd_05,6,0,la/ro/ki/ga/tu,la/bi/go/ku/tu/pa,2,0,0,2,la/ro/ki/ga/tu/xx,1,,,
39,wd_05,7,0,go/ra/ti,do/pa/ti/bu/ku/bi,1,0,0,1,go/ra/ti/xx/xx/xx,1,,,
40,wd_05,8,1,pa/bi/gu/ti,pa/bi/ku/go/la/tu,2,1,1,2,pa/bi/xx/xx/gu/ti,1,,,
41,wd_05,9,1,tu/bi/go/ta,tu/bu/do/pa/bi/ku,1,0,0,2,tu/xx/xx/bi/go/ta,1,,,
42,wd_05,10,0,bo/ga/ti/du,bu/go/la/do/ti/tu,1,0,0,1,xx/xx/bo/ga/ti/du,1,,,
43,wd_05,11,1,do/ra/do/ri,da/ro/pi/ti/bu/do,0,0,0,2,xx/xx/do/ra/do/ri,1,,,
44,wd_05,12,1,do/ti/ra,pa/bi/ku/ti/bu/do,1,0,0,2,xx/xx/do/ti/xx/ra,1,,,
45,wd_05,13,1,go/la/ti/blu,go/la/tu/ti/bu/do,3,1,1,3,go/la/xx/ti/xx/blu,1,,,
46,wd_05,14,0,go/la,do/bu/ku/bi/pa/ti,0,0,0,0,xx/xx/xx/xx/go/la,1,,,
47,wd_05,15,1,go/la/ro/ti/do,go/la/tu/da/ro/pi,2,1,1,3,go/la/xx/ro/ti/do,1,,,
48,wd_05,16,0,go/ra/ti/pu,da/bi/pa/ku/pi/ro,0,0,0,0,xx/xx/go/ra/ti/pu,1,,,
49,wd_07,1,1,do/reɪ/mi,da/ro/pi/go/la/tu,0,0,0,0,xx/xx/xx/do/reɪ/mi,1,,,
50,wd_07,2,1,pa/pi/klu/do/ra,pa/bi/ku/da/ro/pi,1,0,0,2,pa/xx/pi/klu/do/ra,1,,,
51,wd_07,3,0,do/reɪ/mi/fa/so/li,go/tu/ro/pi/la/da,0,0,0,0,do/reɪ/mi/fa/so/li,1,,,
52,wd_07,4,0,do/la/si/moʃ,tu/ro/la/da/pi/go,1,0,0,1,xx/do/la/xx/si/moʃ,1,,,
53,wd_07,5,0,po/la/ti/di/ro/do,bu/da/pi/ti/ro/do,2,1,0,3,po/la/ti/di/ro/do,1,,,
54,wd_07,6,0,N/A,la/bi/go/ku/tu/pa,0,0,0,0,xx/xx/xx/xx/N/A,1,,,
55,wd_07,7,0,do/pa/ku/ti,do/pa/ti/bu/ku/bi,3,1,1,4,do/pa/xx/xx/ku/ti,1,,,
56,wd_07,8,1,pa/bi/klu/do/pa/tu,pa/bi/ku/go/la/tu,3,1,2,4,pa/bi/klu/do/pa/tu,1,,,
57,wd_07,9,1,tu/go/pa/bi/tu,tu/bu/do/pa/bi/ku,3,1,1,4,tu/xx/go/pa/bi/tu,1,,,
58,wd_07,10,0,pu/lo/la/ti/tu,bu/go/la/do/ti/tu,3,1,0,3,pu/lo/la/xx/ti/tu,1,,,
59,wd_07,11,1,pa/wa/ti/di/do,da/ro/pi/ti/bu/do,2,0,0,2,xx/pa/wa/ti/di/do,1,,,
60,wd_07,12,1,pa/bi/klu/ti/do,pa/bi/ku/ti/bu/do,4,1,2,4,pa/bi/klu/ti/xx/do,1,,,
61,wd_07,13,1,go/la/pu/ti/do,go/la/tu/ti/bu/do,4,1,2,4,go/la/pu/ti/xx/do,1,,,
62,wd_07,14,0,do/ro/o/kla/pa/ti,do/bu/ku/bi/pa/ti,3,1,0,3,do/ro/o/kla/pa/ti,1,,,
63,wd_07,15,1,go/la/tu/ðɐ/par/ti,go/la/tu/da/ro/pi,3,2,2,3,go/la/tu/ðɐ/par/ti,1,,,
64,wd_07,16,0,ha/kli/ta/o/bi/ɾo,da/bi/pa/ku/pi/ro,0,0,0,1,ha/kli/ta/o/bi/ɾo,1,,,
65,wd_09,1,1,da/xx,da/ro/pi/go/la/tu,1,0,0,1,da/xx/xx/xx/xx/xx,1,,,
66,wd_09,2,1,da/lo/pi/ko,pa/bi/ku/da/ro/pi,0,0,0,2,xx/xx/da/lo/pi/ko,1,,,
67,wd_09,3,0,go/tu/bi/da,go/tu/ro/pi/la/da,3,1,2,3,go/tu/xx/xx/bi/da,1,,,
68,wd_09,4,0,go/pi/da/go,tu/ro/la/da/pi/go,2,0,0,4,xx/go/pi/da/xx/go,1,,,
69,wd_09,5,0,pi/do/i/do,bu/da/pi/ti/ro/do,2,0,0,3,xx/xx/pi/do/i/do,1,,,
70,wd_09,6,0,go/pa/o/bi,la/bi/go/ku/tu/pa,1,0,0,3,xx/xx/go/pa/o/bi,1,,,
71,wd_09,7,0,go/tu/bi,do/pa/ti/bu/ku/bi,1,0,0,1,xx/xx/xx/go/tu/bi,1,,,
72,wd_09,8,1,go/la/go/tu,pa/bi/ku/go/la/tu,2,1,1,4,xx/go/la/go/xx/tu,1,,,
73,wd_09,9,1,go/pa/bi/tu,tu/bu/do/pa/bi/ku,2,1,1,3,xx/xx/go/pa/bi/tu,1,,,
74,wd_09,10,0,bi/go/tu/bi,bu/go/la/do/ti/tu,1,0,0,2,bi/go/xx/xx/tu/bi,1,,,
75,wd_09,11,1,do/bi/tu/o,da/ro/pi/ti/bu/do,0,0,0,1,xx/xx/do/bi/tu/o,1,,,
76,wd_09,12,1,go/tu/bi/go,pa/bi/ku/ti/bu/do,0,0,0,1,xx/xx/go/tu/bi/go,1,,,
77,wd_09,13,1,go/do/bi/tu,go/la/tu/ti/bu/do,1,0,0,3,go/xx/xx/do/bi/tu,1,,,
78,wd_09,14,0,go/pu/go/du,do/bu/ku/bi/pa/ti,0,0,0,0,xx/xx/go/pu/go/du,1,,,
79,wd_09,15,1,go/pi/du,go/la/tu/da/ro/pi,1,0,0,2,go/xx/xx/xx/pi/du,1,,,
80,wd_09,16,0,go/pi/wo/di,da/bi/pa/ku/pi/ro,0,0,0,1,xx/xx/go/pi/wo/di,1,,,
81,wd_10,1,1,tu/la/pa/go/bi/la,da/ro/pi/go/la/tu,1,0,0,4,tu/la/pa/go/bi/la,1,,,
82,wd_10,2,1,da/lo/pi/do/ra,pa/bi/ku/da/ro/pi,0,0,0,2,xx/da/lo/pi/do/ra,1,,,
83,wd_10,3,0,pa/di/ko/ro/di,go/tu/ro/pi/la/da,0,0,0,1,xx/pa/di/ko/ro/di,1,,,
84,wd_10,4,0,go/tu/pi/lo/da/ra,tu/ro/la/da/pi/go,0,0,0,4,go/tu/pi/lo/da/ra,1,,,
85,wd_10,5,0,go/tu/pi/da/go/ro,bu/da/pi/ti/ro/do,1,0,0,3,go/tu/pi/da/go/ro,1,,,
86,wd_10,6,0,bla/bi/go/tu/du/ra/a,la/bi/go/ku/tu/pa,2,1,1,3,bla/bi/go/tu/du/ra,1,,,
87,wd_10,7,0,du/la/ku/pa,do/pa/ti/bu/ku/bi,1,0,0,2,xx/xx/du/la/ku/pa,1,,,
88,wd_10,8,1,pa/bi/go/tu/ku/la,pa/bi/ku/go/la/tu,2,1,1,6,pa/bi/go/tu/ku/la,1,,,
89,wd_10,9,1,tu/go/plu/do/la,tu/bu/do/pa/bi/ku,1,0,0,2,tu/xx/go/plu/do/la,1,,,
90,wd_10,10,0,gu/to/pla/ti/ti/lo,bu/go/la/do/ti/tu,1,0,0,2,gu/to/pla/ti/ti/lo,1,,,
91,wd_10,11,1,da/xx,da/ro/pi/ti/bu/do,1,0,0,1,da/xx/xx/xx/xx/xx,1,,,
92,wd_10,12,1,da/ti/pa/ro/ti/blu,pa/bi/ku/ti/bu/do,0,0,0,3,da/ti/pa/ro/ti/blu,1,,,
93,wd_10,13,1,go/la/tu/ti/blu,go/la/tu/ti/bu/do,4,2,3,4,go/la/tu/ti/xx/blu,1,,,
94,wd_10,14,0,glu/bi/go/tu/par/di,do/bu/ku/bi/pa/ti,0,0,0,1,glu/bi/go/tu/par/di,1,,,
95,wd_10,15,1,go/tu/la/do/bi,go/la/tu/da/ro/pi,2,0,0,3,go/xx/tu/la/do/bi,1,,,
96,wd_10,16,0,da/ku/pa/pi/ro,da/bi/pa/ku/pi/ro,4,1,0,5,da/ku/pa/xx/pi/ro,1,,,
97,wd_11,1,1,do/reɪ/pi/go/la/tu,da/ro/pi/go/la/tu,4,2,2,4,do/reɪ/pi/go/la/tu,1,,,
98,wd_11,2,1,pa/pi/ro/ba/ti/du,pa/bi/ku/da/ro/pi,1,0,0,3,pa/pi/ro/ba/ti/du,1,,,
99,wd_11,3,0,go/ti/pi/ra/to/da,go/tu/ro/pi/la/da,2,0,0,3,go/ti/pi/ra/to/da,1,,,
100,wd_11,4,0,tu/ro/ba/ti/tu/go,tu/ro/la/da/pi/go,3,1,2,4,tu/ro/ba/ti/tu/go,1,,,
101,wd_11,5,0,blo/to/pi/ti/o/go,bu/da/pi/ti/ro/do,2,0,1,2,blo/to/pi/ti/o/go,1,,,
102,wd_11,6,0,a/go/pi/ti/pi/la,la/bi/go/ku/tu/pa,0,0,0,2,a/go/pi/ti/pi/la,1,,,
103,wd_11,7,0,bo/pa/ti/bi/lo/tu,do/pa/ti/bu/ku/bi,2,1,1,3,bo/pa/ti/bi/lo/tu,1,,,
104,wd_11,8,1,pa/bi/klu/go/la/tu,pa/bi/ku/go/la/tu,5,3,3,5,pa/bi/klu/go/la/tu,1,,,
105,wd_11,9,1,po/ro/po/pa/bi/klu,tu/bu/do/pa/bi/ku,2,1,1,2,po/ro/po/pa/bi/klu,1,,,
106,wd_11,10,0,bo/ro/pa/bi/tu/gu,bu/go/la/do/ti/tu,0,0,0,1,bo/ro/pa/bi/tu/gu,1,,,
107,wd_11,11,1,do/ro/pi/ti/du/go,da/ro/pi/ti/bu/do,3,1,2,4,do/ro/pi/ti/du/go,1,,,
108,wd_11,12,1,pa/bi/klu/tu/go,pa/bi/ku/ti/bu/do,2,1,1,2,pa/bi/xx/klu/tu/go,1,,,
109,wd_11,13,1,go/pli/to/pa/ti/go,go/la/tu/ti/bu/do,1,0,0,3,go/pli/to/pa/ti/go,1,,,
110,wd_11,14,0,go/pi/ti/bo/pa/ti,do/bu/ku/bi/pa/ti,2,1,0,3,go/pi/ti/bo/pa/ti,1,,,
111,wd_11,15,1,go/ta/ri/ta/to/pa/ti,go/la/tu/da/ro/pi,1,0,0,1,go/ta/ri/ta/to/pa,1,,,
112,wd_11,16,0,da/ro/pa/ti/ko/ro,da/bi/pa/ku/pi/ro,3,0,0,4,da/ro/pa/ti/ko/ro,1,,,
113,wd_12,1,1,N/A,da/ro/pi/go/la/tu,0,0,0,0,xx/xx/xx/xx/N/A,1,,,
114,wd_12,2,1,N/A,pa/bi/ku/da/ro/pi,0,0,0,0,xx/xx/xx/xx/N/A,1,,,
115,wd_12,3,0,go/ro/pi/gu/da,go/tu/ro/pi/la/da,4,0,1,4,go/xx/ro/pi/gu/da,1,,,
116,wd_12,4,0,tu/tu/pi/go/ro,tu/ro/la/da/pi/go,1,1,0,5,tu/xx/tu/pi/go/ro,1,,,
117,wd_12,5,0,du/pu/di/ti/ro,bu/da/pi/ti/ro/do,2,1,1,2,du/pu/di/ti/ro/xx,1,,,
118,wd_12,6,0,do/ro/pi/tu/pu,la/bi/go/ku/tu/pa,1,0,0,1,xx/do/ro/pi/tu/pu,1,,,
119,wd_12,7,0,do/ro/pi/tu/ku,do/pa/ti/bu/ku/bi,2,0,0,2,do/ro/pi/tu/ku/xx,1,,,
120,wd_12,8,1,tu/ro/ti/ku/ba/tu,pa/bi/ku/go/la/tu,1,0,0,3,tu/ro/ti/ku/ba/tu,1,,,
121,wd_12,9,1,do/ro/pi/tu/ku,tu/bu/do/pa/bi/ku,1,0,0,3,xx/do/ro/pi/tu/ku,1,,,
122,wd_12,10,0,do/ro/pi/tu/ku,bu/go/la/do/ti/tu,0,0,0,2,xx/do/ro/pi/tu/ku,1,,,
123,wd_12,11,1,do/ro/pi/ti/ku,da/ro/pi/ti/bu/do,3,1,2,4,do/ro/pi/ti/xx/ku,1,,,
124,wd_12,12,1,do/ro/pi/ti/ku/pi,pa/bi/ku/ti/bu/do,1,0,0,3,do/ro/pi/ti/ku/pi,1,,,
125,wd_12,13,1,tu/ro/pi/ti/kju,go/la/tu/ti/bu/do,1,0,0,2,tu/ro/pi/ti/xx/kju,1,,,
126,wd_12,14,0,N/A,do/bu/ku/bi/pa/ti,0,0,0,0,xx/xx/xx/xx/N/A,1,,,
127,wd_12,15,1,go/tu/ro/tu/pi/tu/kju,go/la/tu/da/ro/pi,1,0,0,6,go/tu/ro/tu/pi/tu,1,,,
128,wd_12,16,0,do/ro/pi/ti/kju,da/bi/pa/ku/pi/ro,0,0,0,2,xx/do/ro/pi/ti/kju,1,,,
129,wd_13,1,1,N/A,da/ro/pi/go/la/tu,0,0,0,0,xx/xx/xx/xx/N/A,1,,,
130,wd_13,2,1,N/A,pa/bi/ku/da/ro/pi,0,0,0,0,xx/xx/xx/xx/N/A,1,,,
131,wd_13,3,0,xx/bi/tu/la/bla,go/tu/ro/pi/la/da,1,0,0,2,xx/xx/bi/tu/la/bla,1,,,
132,wd_13,4,0,N/A,tu/ro/la/da/pi/go,0,0,0,0,xx/xx/xx/xx/N/A,1,,,
133,wd_13,5,0,N/A,bu/da/pi/ti/ro/do,0,0,0,0,xx/xx/xx/xx/N/A,1,,,
134,wd_13,6,0,la/bri/go/tu/pa,la/bi/go/ku/tu/pa,4,1,0,4,la/bri/go/xx/tu/pa,1,,,
135,wd_13,7,0,do/pa/tu/bi,do/pa/ti/bu/ku/bi,3,1,2,3,do/pa/xx/xx/tu/bi,1,,,
136,wd_13,8,1,pa/bi/go,pa/bi/ku/go/la/tu,3,1,1,3,pa/bi/xx/go/xx/xx,1,,,
137,wd_13,9,1,do/bi/pa/tu/bi,tu/bu/do/pa/bi/ku,1,0,0,5,xx/do/bi/pa/tu/bi,1,,,
138,wd_13,10,0,N/A,bu/go/la/do/ti/tu,0,0,0,0,xx/xx/xx/xx/N/A,1,,,
139,wd_13,11,1,N/A,da/ro/pi/ti/bu/do,0,0,0,0,xx/xx/xx/xx/N/A,1,,,
140,wd_13,12,1,N/A,pa/bi/ku/ti/bu/do,0,0,0,0,xx/xx/xx/xx/N/A,1,,,
141,wd_13,13,1,bo/xx,go/la/tu/ti/bu/do,0,0,0,0,xx/xx/xx/xx/bo/xx,1,,,
142,wd_13,14,0,do/pi/pa,do/bu/ku/bi/pa/ti,2,0,0,2,do/xx/xx/pi/pa/xx,1,,,
143,wd_13,15,1,go/tu/ro/pi/pa/pi,go/la/tu/da/ro/pi,2,1,0,5,go/tu/ro/pi/pa/pi,1,,,
144,wd_13,16,0,da/bi/tu/pa/ri,da/bi/pa/ku/pi/ro,2,1,1,3,da/bi/xx/tu/pa/ri,1,,,
145,wd_15,1,1,N/A,da/ro/pi/go/la/tu,0,0,0,0,xx/xx/xx/xx/N/A,1,,,
146,wd_15,2,1,N/A,pa/bi/ku/da/ro/pi,0,0,0,0,xx/xx/xx/xx/N/A,1,,,
147,wd_15,3,0,N/A,go/tu/ro/pi/la/da,0,0,0,0,xx/xx/xx/xx/N/A,1,,,
148,wd_15,4,0,go/tu/la/da/pi,tu/ro/la/da/pi/go,3,1,2,5,go/tu/la/da/pi/xx,1,,,
149,wd_15,5,0,bu/da/i/pi/ro/do,bu/da/pi/ti/ro/do,4,2,2,5,bu/da/i/pi/ro/do,1,,,
150,wd_15,6,0,la/bi/ro/tu,la/bi/go/ku/tu/pa,3,1,1,3,la/bi/xx/ro/tu/xx,1,,,
151,wd_15,7,0,tu/pa/bi/ku/do/mi,do/pa/ti/bu/ku/bi,1,0,0,4,tu/pa/bi/ku/do/mi,1,,,
152,wd_15,8,1,pa/bi/ku/go/tu/la/tu,pa/bi/ku/go/la/tu,4,2,3,6,pa/bi/ku/go/tu/la,1,,,
153,wd_15,9,1,tu/bu/do/pa/bi/ku,tu/bu/do/pa/bi/ku,6,4,5,6,tu/bu/do/pa/bi/ku,1,,,
154,wd_15,10,0,ku/la/lu/da/la/du,bu/go/la/do/ti/tu,0,0,0,2,ku/la/lu/da/la/du,1,,,
155,wd_15,11,1,da/ro/pi/di/la/do,da/ro/pi/ti/bu/do,4,2,3,4,da/ro/pi/di/la/do,1,,,
156,wd_15,12,1,pa/bi/ko/ti/la/do,pa/bi/ku/ti/bu/do,4,1,2,4,pa/bi/ko/ti/la/do,1,,,
157,wd_15,13,1,go/la/tu/lu/di/do,go/la/tu/ti/bu/do,4,2,3,4,go/la/tu/lu/di/do,1,,,
158,wd_15,14,0,go/tu/di,do/bu/ku/bi/pa/ti,0,0,0,0,xx/xx/xx/go/tu/di,1,,,
159,wd_15,15,1,go/tu/la/da/nu/ro/pi,go/la/tu/da/ro/pi,2,0,0,5,go/tu/la/da/nu/ro,1,,,
160,wd_15,16,0,pa/bi/no/xx/lo,da/bi/pa/ku/pi/ro,1,0,0,2,pa/bi/xx/no/xx/lo,1,,,
161,wd_17,1,1,pi/du,da/ro/pi/go/la/tu,1,0,0,1,xx/xx/pi/xx/xx/du,1,,,
162,wd_17,2,1,da/xx,pa/bi/ku/da/ro/pi,1,0,0,1,xx/xx/xx/da/xx/xx,1,,,
163,wd_17,3,0,ro/xx,go/tu/ro/pi/la/da,1,0,0,1,xx/xx/ro/xx/xx/xx,1,,,
164,wd_17,4,0,go/xx,tu/ro/la/da/pi/go,0,0,0,1,xx/xx/xx/xx/go/xx,1,,,
165,wd_17,5,0,pi/do,bu/da/pi/ti/ro/do,2,0,0,2,xx/xx/pi/xx/xx/do,1,,,
166,wd_17,6,0,ku/du,la/bi/go/ku/tu/pa,1,0,0,1,xx/xx/xx/ku/xx/du,1,,,
167,wd_17,7,0,bi/xx,do/pa/ti/bu/ku/bi,0,0,0,1,xx/xx/xx/xx/bi/xx,1,,,
168,wd_17,8,1,tu/xx,pa/bi/ku/go/la/tu,0,0,0,1,xx/xx/xx/xx/tu/xx,1,,,
169,wd_17,9,1,N/A,tu/bu/do/pa/bi/ku,0,0,0,0,xx/xx/xx/xx/N/A,1,,,
170,wd_17,10,0,bu/xx,bu/go/la/do/ti/tu,1,0,0,1,bu/xx/xx/xx/xx/xx,1,,,
171,wd_17,11,1,ra/xx,da/ro/pi/ti/bu/do,0,0,0,0,xx/xx/xx/xx/ra/xx,1,,,
172,wd_17,12,1,do/xx,pa/bi/ku/ti/bu/do,0,0,0,1,xx/xx/xx/xx/do/xx,1,,,
173,wd_17,13,1,ti/xx,go/la/tu/ti/bu/do,1,0,0,1,xx/xx/xx/ti/xx/xx,1,,,
174,wd_17,14,0,pa/xx,do/bu/ku/bi/pa/ti,1,0,0,1,xx/xx/xx/xx/pa/xx,1,,,
175,wd_17,15,1,ko/xx,go/la/tu/da/ro/pi,0,0,0,0,xx/xx/xx/xx/ko/xx,1,,,
176,wd_17,16,0,ro/xx,da/bi/pa/ku/pi/ro,0,0,0,1,xx/xx/xx/xx/ro/xx,1,,,
177,wd_19,1,1,ba/to/ti/tu,da/ro/pi/go/la/tu,1,0,0,1,xx/xx/ba/to/ti/tu,1,,,
178,wd_19,2,1,pa/bi/blu/to/du,pa/bi/ku/da/ro/pi,2,1,1,2,pa/bi/xx/blu/to/du,1,,,
179,wd_19,3,0,go/tu/la/to/tu/ra,go/tu/ro/pi/la/da,2,1,1,4,go/tu/la/to/tu/ra,1,,,
180,wd_19,4,0,tu/pi/pla/lu/tu,tu/ro/la/da/pi/go,1,0,0,3,tu/xx/pi/pla/lu/tu,1,,,
181,wd_19,5,0,blu/tu/bu/tu/li,bu/da/pi/ti/ro/do,0,0,0,1,xx/blu/tu/bu/tu/li,1,,,
182,wd_19,6,0,la/pi/klu/tu/la,la/bi/go/ku/tu/pa,2,0,0,3,la/xx/pi/klu/tu/la,1,,,
183,wd_19,7,0,kla/tu/pi/pa/li/ti,do/pa/ti/bu/ku/bi,0,0,0,2,kla/tu/pi/pa/li/ti,1,,,
184,wd_19,8,1,pa/bi/glu/go/tu,pa/bi/ku/go/la/tu,4,1,2,4,pa/bi/glu/go/xx/tu,1,,,
185,wd_19,9,1,tu/pa/pi/glu,tu/bu/do/pa/bi/ku,2,0,0,2,tu/xx/xx/pa/pi/glu,1,,,
186,wd_19,10,0,glo/tu/pi/bo,bu/go/la/do/ti/tu,0,0,0,1,xx/xx/glo/tu/pi/bo,1,,,
187,wd_19,11,1,go/tu/ra/tu,da/ro/pi/ti/bu/do,0,0,0,0,xx/xx/go/tu/ra/tu,1,,,
188,wd_19,12,1,pa/bi/glu/to/tu,pa/bi/ku/ti/bu/do,2,1,1,2,pa/bi/xx/glu/to/tu,1,,,
189,wd_19,13,1,glo/tu/di/tu,go/la/tu/ti/bu/do,1,0,0,2,xx/glo/tu/xx/di/tu,1,,,
190,wd_19,14,0,glo/tu/pa/bi,do/bu/ku/bi/pa/ti,1,0,0,2,xx/xx/glo/tu/pa/bi,1,,,
191,wd_19,15,1,go/la/tu/ti,go/la/tu/da/ro/pi,3,2,2,3,go/la/tu/xx/xx/ti,1,,,
192,wd_19,16,0,pa/pi/klu/to,da/bi/pa/ku/pi/ro,1,0,0,2,xx/xx/pa/pi/klu/to,1,,,
193,wd_22,1,1,lo/la/pi/ti/do,da/ro/pi/go/la/tu,1,0,0,2,lo/la/pi/xx/ti/do,1,,,
194,wd_22,2,1,go/la/pi/ti/do,pa/bi/ku/da/ro/pi,0,0,0,1,xx/go/la/pi/ti/do,1,,,
195,wd_22,3,0,go/la/pi/ti/go,go/tu/ro/pi/la/da,2,0,0,4,go/xx/la/pi/ti/go,1,,,
196,wd_22,4,0,tu/ra/pa/ti/ti/go,tu/ro/la/da/pi/go,2,0,0,2,tu/ra/pa/ti/ti/go,1,,,
197,wd_22,5,0,tu/pa/pi/di/go,bu/da/pi/ti/ro/do,1,0,0,1,tu/pa/pi/xx/di/go,1,,,
198,wd_22,6,0,la/di/ti/go,la/bi/go/ku/tu/pa,1,0,0,2,la/xx/xx/di/ti/go,1,,,
199,wd_22,7,0,ro/pa/pi/ti/go,do/pa/ti/bu/ku/bi,1,0,0,2,ro/pa/xx/pi/ti/go,1,,,
200,wd_22,8,1,pa/bi/ti/go,pa/bi/ku/go/la/tu,3,1,1,3,pa/bi/ti/go/xx/xx,1,,,
201,wd_22,9,1,tu/go/la/pi/ti/go,tu/bu/do/pa/bi/ku,1,0,0,1,tu/go/la/pi/ti/go,1,,,
202,wd_22,10,0,tu/ra/pi/ti/go,bu/go/la/do/ti/tu,1,0,0,3,xx/tu/ra/pi/ti/go,1,,,
203,wd_22,11,1,tu/da/la/pi/ti/go,da/ro/pi/ti/bu/do,0,0,1,3,tu/da/la/pi/ti/go,1,,,
204,wd_22,12,1,tu/la/pa/pi/ti/bu/do,pa/bi/ku/ti/bu/do,0,1,0,3,tu/la/pa/pi/ti/bu,1,,,
205,wd_22,13,1,tu/pa/la/pi/ti/go,go/la/tu/ti/bu/do,0,0,0,4,tu/pa/la/pi/ti/go,1,,,
206,wd_22,14,0,do/pa/pi/ti/go/lu/da,do/bu/ku/bi/pa/ti,1,0,0,3,do/pa/pi/ti/go/lu,1,,,
207,wd_22,15,1,tu/da/la/pi/ti,go/la/tu/da/ro/pi,0,0,1,4,xx/tu/da/la/pi/ti,1,,,
208,wd_22,16,0,tu/da/la/pi/ti/go,da/bi/pa/ku/pi/ro,0,0,0,2,tu/da/la/pi/ti/go,1,,,
209,wd_23,1,1,go/pi/di/po,da/ro/pi/go/la/tu,1,0,0,2,xx/go/pi/xx/di/po,1,,,
210,wd_23,2,1,kla/do/em/po/si/pi,pa/bi/ku/da/ro/pi,1,0,0,1,kla/do/em/po/si/pi,1,,,
211,wd_23,3,0,go/tu/go/thro/em,go/tu/ro/pi/la/da,2,1,1,3,go/tu/xx/go/thro/em,1,,,
212,wd_23,4,0,dʌn/go/pi/do/em/,tu/ro/la/da/pi/go,0,0,0,2,dʌn/go/pi/do/em/,1,,,
213,wd_23,5,0,da/tu/go/tu,bu/da/pi/ti/ro/do,1,0,0,1,xx/da/xx/tu/go/tu,1,,,
214,wd_23,6,0,la/bi/go/tu,la/bi/go/ku/tu/pa,4,2,2,4,la/bi/go/xx/tu/xx,1,,,
215,wd_23,7,0,go/tu/pla,do/pa/ti/bu/ku/bi,0,0,0,0,xx/xx/xx/go/tu/pla,1,,,
216,wd_23,8,1,ka/bi/pa/du,pa/bi/ku/go/la/tu,1,0,0,2,ka/bi/xx/xx/pa/du,1,,,
217,wd_23,9,1,dʌn/pa/lun/bi/ka/ni/gal/da,tu/bu/do/pa/bi/ku,0,0,0,2,dʌn/pa/lun/bi/ka/ni,1,,,
218,wd_23,10,0,go/pi/du/la,bu/go/la/do/ti/tu,1,0,0,2,xx/go/xx/pi/du/la,1,,,
219,wd_23,11,1,N/A,da/ro/pi/ti/bu/do,0,0,0,0,xx/xx/xx/xx/N/A,1,,,
220,wd_23,12,1,N/A,pa/bi/ku/ti/bu/do,0,0,0,0,xx/xx/xx/xx/N/A,1,,,
221,wd_23,13,1,gan/pi/du/do,go/la/tu/ti/bu/do,1,0,0,1,xx/xx/gan/pi/du/do,1,,,
222,wd_23,14,0,N/A,do/bu/ku/bi/pa/ti,0,0,0,0,xx/xx/xx/xx/N/A,1,,,
223,wd_23,15,1,go/tu/la,go/la/tu/da/ro/pi,2,0,0,3,go/xx/tu/xx/xx/la,1,,,
224,wd_23,16,0,ki/bi/ro,da/bi/pa/ku/pi/ro,2,0,0,2,ki/bi/xx/xx/xx/ro,1,,,
225,wd_27,1,1,da/bo/di/da,da/ro/pi/go/la/tu,1,0,0,2,da/xx/xx/bo/di/da,1,,,
226,wd_27,2,1,da/klu/do/wo,pa/bi/ku/da/ro/pi,0,0,0,1,xx/xx/da/klu/do/wo,1,,,
227,wd_27,3,0,wo/wa/di/ba/go/da,go/tu/ro/pi/la/da,1,0,0,2,wo/wa/di/ba/go/da,1,,,
228,wd_27,4,0,bla/do/bi/go/ga,tu/ro/la/da/pi/go,0,0,0,1,xx/bla/do/bi/go/ga,1,,,
229,wd_27,5,0,o/di/da/du,bu/da/pi/ti/ro/do,0,0,0,1,xx/xx/o/di/da/du,1,,,
230,wd_27,6,0,la/bi/go/klu/wo/ti,la/bi/go/ku/tu/pa,3,2,2,3,la/bi/go/klu/wo/ti,1,,,
231,wd_27,7,0,a/bi/ku/du/a/ti/ku/si,do/pa/ti/bu/ku/bi,0,0,0,3,a/bi/ku/du/a/ti,1,,,
232,wd_27,8,1,pa/bi/ku/xx/tu,pa/bi/ku/go/la/tu,4,2,3,4,pa/bi/ku/xx/xx/tu,1,,,
233,wd_27,9,1,wʌn/tu/pa/bi/gwo/kwo,tu/bu/do/pa/bi/ku,0,1,1,3,wʌn/tu/pa/bi/gwo/kwo,1,,,
234,wd_27,10,0,la/po/tu/wʌn/tu/fwi,bu/go/la/do/ti/tu,0,0,0,3,la/po/tu/wʌn/tu/fwi,1,,,
235,wd_27,11,1,wʌn/tu/fwi/fuʁ/fʌɪv,da/ro/pi/ti/bu/do,0,0,0,0,xx/wʌn/tu/fwi/fuʁ/fʌɪv,1,,,
236,wd_27,12,1,ka/bi/du/ri/do,pa/bi/ku/ti/bu/do,2,0,0,2,ka/bi/xx/du/ri/do,1,,,
237,wd_27,13,1,ka/bo/du/di/da,go/la/tu/ti/bu/do,0,0,0,0,xx/ka/bo/du/di/da,1,,,
238,wd_27,14,0,ka/du/ko/bi/ba/di,do/bu/ku/bi/pa/ti,1,0,0,1,ka/du/ko/bi/ba/di,1,,,
239,wd_27,15,1,da/wo/pi/pa/pi,go/la/tu/da/ro/pi,1,0,0,3,xx/da/wo/pi/pa/pi,1,,,
240,wd_27,16,0,da/gi/xx,da/bi/pa/ku/pi/ro,1,0,0,1,da/xx/xx/xx/gi/xx,1,,,
241,wd_28,1,1,do/ra/ka/ku/ka,da/ro/pi/go/la/tu,0,0,0,0,xx/do/ra/ka/ku/ka,1,,,
242,wd_28,2,1,ka/ku/pi/pa/ro/bi,pa/bi/ku/da/ro/pi,1,0,0,5,ka/ku/pi/pa/ro/bi,1,,,
243,wd_28,3,0,go/ga/bi/tu/la/to,go/tu/ro/pi/la/da,2,0,0,3,go/ga/bi/tu/la/to,1,,,
244,wd_28,4,0,tu/la/go/go/pi/to,tu/ro/la/da/pi/go,2,0,0,5,tu/la/go/go/pi/to,1,,,
245,wd_28,5,0,pi/ti/da/ro/to,bu/da/pi/ti/ro/do,1,0,1,4,xx/pi/ti/da/ro/to,1,,,
246,wd_28,6,0,la/go/ki/ga/go/ga,la/bi/go/ku/tu/pa,1,0,0,3,la/go/ki/ga/go/ga,1,,,
247,wd_28,7,0,ka/ko/ki/go/ka/bi,do/pa/ti/bu/ku/bi,1,0,0,1,ka/ko/ki/go/ka/bi,1,,,
248,wd_28,8,1,pa/ki/ko/la/tu,pa/bi/ku/go/la/tu,3,1,0,3,pa/xx/ki/ko/la/tu,1,,,
249,wd_28,9,1,tu/bo/bi/la/tu,tu/bu/do/pa/bi/ku,1,0,0,3,tu/xx/bo/bi/la/tu,1,,,
250,wd_28,10,0,tu/go/la/ga/gi/go,bu/go/la/do/ti/tu,2,1,1,4,tu/go/la/ga/gi/go,1,,,
251,wd_28,11,1,pa/ti/bi/do/ba/ka/ka,da/ro/pi/ti/bu/do,0,0,0,2,pa/ti/bi/do/ba/ka,1,,,
252,wd_28,12,1,pa/ti/li/tu/po/pa,pa/bi/ku/ti/bu/do,1,0,0,3,pa/ti/li/tu/po/pa,1,,,
253,wd_28,13,1,tu/la/pi/tu/tu/do,go/la/tu/ti/bu/do,2,0,0,5,tu/la/pi/tu/tu/do,1,,,
254,wd_28,14,0,ka/du/bi/ba/ba/ti,do/bu/ku/bi/pa/ti,1,0,0,2,ka/du/bi/ba/ba/ti,1,,,
255,wd_28,15,1,go/la/tu/da/ro/pi,go/la/tu/da/ro/pi,6,4,5,6,go/la/tu/da/ro/pi,1,,,
256,wd_28,16,0,da/ko/pa/pi/pu/po,da/bi/pa/ku/pi/ro,2,0,0,3,da/ko/pa/pi/pu/po,1,,,
257,wd_30,1,1,do/ro/pi,da/ro/pi/go/la/tu,2,1,1,2,do/ro/pi/xx/xx/xx,1,,,
258,wd_30,2,1,pa/ro/bi/tu/bi,pa/bi/ku/da/ro/pi,1,0,0,4,pa/xx/ro/bi/tu/bi,1,,,
259,wd_30,3,0,go/pi/la/o/do,go/tu/ro/pi/la/da,1,1,1,3,go/xx/pi/la/o/do,1,,,
260,wd_30,4,0,tu/la/bi/ro/go,tu/ro/la/da/pi/go,3,0,0,4,tu/xx/la/bi/ro/go,1,,,
261,wd_30,5,0,pi/ti/ro/a/do,bu/da/pi/ti/ro/do,1,1,2,4,xx/pi/ti/ro/a/do,1,,,
262,wd_30,6,0,go/ku/la/ba/da,la/bi/go/ku/tu/pa,0,0,1,3,xx/go/ku/la/ba/da,1,,,
263,wd_30,7,0,ba/ku/tu/ka/pi,do/pa/ti/bu/ku/bi,0,0,0,1,xx/ba/ku/tu/ka/pi,1,,,
264,wd_30,8,1,pa/ka/ni/lo/tu,pa/bi/ku/go/la/tu,2,0,0,2,pa/xx/ka/ni/lo/tu,1,,,
265,wd_30,9,1,tu/ba/bi/ku,tu/bu/do/pa/bi/ku,3,1,0,3,tu/xx/xx/ba/bi/ku,1,,,
266,wd_30,10,0,bi/lo/la/li,bu/go/la/do/ti/tu,1,0,0,1,bi/lo/la/xx/xx/li,1,,,
267,wd_30,11,1,N/A,da/ro/pi/ti/bu/do,0,0,0,0,xx/xx/xx/xx/N/A,1,,,
268,wd_30,12,1,ba/gu/mi/nu/to,pa/bi/ku/ti/bu/do,0,0,0,0,xx/ba/gu/mi/nu/to,1,,,
269,wd_30,13,1,go/la/tu/bi,go/la/tu/ti/bu/do,3,2,2,3,go/la/tu/xx/xx/bi,1,,,
270,wd_30,14,0,bu/ku/la,do/bu/ku/bi/pa/ti,2,1,1,2,xx/bu/ku/xx/xx/la,1,,,
271,wd_30,15,1,N/A,go/la/tu/da/ro/pi,0,0,0,0,xx/xx/xx/xx/N/A,1,,,
272,wd_30,16,0,go/ga,da/bi/pa/ku/pi/ro,0,0,0,0,xx/xx/xx/xx/go/ga,1,,,
273,wd_32,1,1,da/ro/pi,da/ro/pi/go/la/tu,3,2,2,3,da/ro/pi/xx/xx/xx,1,,,
274,wd_32,2,1,da/ro/pi/tu,pa/bi/ku/da/ro/pi,0,2,1,3,xx/xx/da/ro/pi/tu,1,,,
275,wd_32,3,0,da/ro/pi/go,go/tu/ro/pi/la/da,2,0,1,4,xx/da/ro/pi/xx/go,1,,,
276,wd_32,4,0,tu/da/ro/pi/tu/ko,tu/ro/la/da/pi/go,1,0,0,5,tu/da/ro/pi/tu/ko,1,,,
277,wd_32,5,0,bu/ta/pi/du/ro/to,bu/da/pi/ti/ro/do,3,0,0,3,bu/ta/pi/du/ro/to,1,,,
278,wd_32,6,0,N/A,la/bi/go/ku/tu/pa,0,0,0,0,xx/xx/xx/xx/N/A,1,,,
279,wd_32,7,0,do/ra/ti/ko/du/bi,do/pa/ti/bu/ku/bi,3,0,0,3,do/ra/ti/ko/du/bi,1,,,
280,wd_32,8,1,pa/bi/tu/go/ro/ti,pa/bi/ku/go/la/tu,3,1,1,4,pa/bi/tu/go/ro/ti,1,,,
281,wd_32,9,1,tu/ro/pa/bi/gu/ko,tu/bu/do/pa/bi/ku,1,1,1,3,tu/ro/pa/bi/gu/ko,1,,,
282,wd_32,10,0,N/A,bu/go/la/do/ti/tu,0,0,0,0,xx/xx/xx/xx/N/A,1,,,
283,wd_32,11,1,da/ro/pi/ti,da/ro/pi/ti/bu/do,4,2,3,4,da/ro/pi/ti/xx/xx,1,,,
284,wd_32,12,1,pa/bi/ti/du/ro/to,pa/bi/ku/ti/bu/do,2,1,1,3,pa/bi/ti/du/ro/to,1,,,
285,wd_32,13,1,to/ra/pi/ti/da/ro,go/la/tu/ti/bu/do,1,0,0,1,to/ra/pi/ti/da/ro,1,,,
286,wd_32,14,0,do/tu/ru/pa/ti,do/bu/ku/bi/pa/ti,3,1,0,3,do/xx/tu/ru/pa/ti,1,,,
287,wd_32,15,1,N/A,go/la/tu/da/ro/pi,0,0,0,0,xx/xx/xx/xx/N/A,1,,,
288,wd_32,16,0,da/tu/ti/pa/ro,da/bi/pa/ku/pi/ro,2,0,0,3,da/xx/tu/ti/pa/ro,1,,,
289,wd_25,1,1,do/xx/pi/ku/do/pi/tu,da/ro/pi/go/la/tu,1,0,0,2,do/xx/pi/ku/do/pi,1,,,
290,wd_25,2,1,da/ro/pi/tu/ro/pi,pa/bi/ku/da/ro/pi,2,2,1,5,da/ro/pi/tu/ro/pi,1,,,
291,wd_25,3,0,ro/da/ro/pi/go/xx/ti,go/tu/ro/pi/la/da,2,0,1,5,ro/da/ro/pi/go/xx,1,,,
292,wd_25,4,0,do/ti/tu/ka/ba/bi/du,tu/ro/la/da/pi/go,0,0,0,1,do/ti/tu/ka/ba/bi,1,,,
293,wd_25,5,0,go/di/du/da/gi/tu/bo,bu/da/pi/ti/ro/do,0,0,0,1,go/di/du/da/gi/tu,1,,,
294,wd_25,6,0,la/pi/ku/tu/ba,la/bi/go/ku/tu/pa,3,1,1,3,la/xx/pi/ku/tu/ba,1,,,
295,wd_25,7,0,da/gu/bi/da/du,do/pa/ti/bu/ku/bi,0,0,0,1,xx/da/gu/bi/da/du,1,,,
296,wd_25,8,1,pa/lo/ki/tu,pa/bi/ku/go/la/tu,2,0,0,2,pa/xx/xx/lo/ki/tu,1,,,
297,wd_25,9,1,do/la/pi/ku/tu,tu/bu/do/pa/bi/ku,0,0,0,3,xx/do/la/pi/ku/tu,1,,,
298,wd_25,10,0,do/la/pi/tu,bu/go/la/do/ti/tu,2,0,0,3,xx/do/la/xx/pi/tu,1,,,
299,wd_25,11,1,do/la/pi/tu/ko,da/ro/pi/ti/bu/do,1,0,0,2,do/la/pi/xx/tu/ko,1,,,
300,wd_25,12,1,da/go/di/du/ba/bi/du/si/sa/ku/da/di/du/si/si/ti/tu/ba/bi/bo/si/da/gu,pa/bi/ku/ti/bu/do,0,0,0,1,da/go/di/du/ba/bi,1,,,
301,wd_25,13,1,do/ga/di/du,go/la/tu/ti/bu/do,0,0,0,1,xx/xx/do/ga/di/du,1,,,
302,wd_25,14,0,do/ga/bi/bu,do/bu/ku/bi/pa/ti,2,0,0,3,do/xx/ga/bi/xx/bu,1,,,
303,wd_25,15,1,do/ra/pi/ku,go/la/tu/da/ro/pi,0,0,0,1,xx/xx/do/ra/pi/ku,1,,,
304,wd_25,16,0,do/xx,da/bi/pa/ku/pi/ro,0,0,0,0,xx/xx/xx/xx/do/xx,1,,,